Phone Number,WhatsApp ID,Role
Hidden (LID),24486061584405@lid,admin
Hidden (LID),122926292533345@lid,member
Hidden (LID),157840098500645@lid,member
Hidden (LID),270926671249409@lid,member
Hidden (LID),156762128793828@lid,member
Hidden (LID),272967200170014@lid,member
Hidden (LID),48017952530659@lid,member
Hidden (LID),90593829068807@lid,member
Hidden (LID),143705394679946@lid,member
Hidden (LID),76274944999612@lid,member
Hidden (LID),25924540096623@lid,member
Hidden (LID),221629003116770@lid,member
Hidden (LID),74397440286815@lid,member
Hidden (LID),60718002995254@lid,member
Hidden (LID),15749779349589@lid,member
Hidden (LID),74784490709236@lid,member
Hidden (LID),139900238192777@lid,member
Hidden (LID),204573771878654@lid,admin
Hidden (LID),173912520433673@lid,admin
Hidden (LID),67929739624645@lid,member
Hidden (LID),120190398386214@lid,member
Hidden (LID),138186865033418@lid,member
Hidden (LID),275835835707627@lid,member
Hidden (LID),233367551369303@lid,member
Hidden (LID),191985256255729@lid,admin
Hidden (LID),92037089103961@lid,member
Hidden (LID),161301875687595@lid,member
Hidden (LID),264656002265179@lid,member
Hidden (LID),244443835826291@lid,member
Hidden (LID),12898407592154@lid,member
Hidden (LID),124236559569019@lid,member
Hidden (LID),249529160966354@lid,member
Hidden (LID),149100460802103@lid,superadmin
Hidden (LID),235553219989605@lid,member
Hidden (LID),61173470916635@lid,member
Hidden (LID),101404647620782@lid,member
Hidden (LID),124975210037346@lid,member
Hidden (LID),147661193748601@lid,member
Hidden (LID),24657759588365@lid,member
Hidden (LID),101133980827780@lid,member
Hidden (LID),19555187482788@lid,member
Hidden (LID),12893693169741@lid,member
Hidden (LID),47506700419308@lid,member
Hidden (LID),166812268404957@lid,member
Hidden (LID),32671916925082@lid,member
Hidden (LID),246462420148364@lid,member
Hidden (LID),148339681173608@lid,member
Hidden (LID),44968626364518@lid,member
Hidden (LID),71129037332676@lid,member
Hidden (LID),70914809020604@lid,admin
Hidden (LID),200317291491541@lid,member
Hidden (LID),1323168755813@lid,member
Hidden (LID),213382733013128@lid,member
